period;source;city;project_key;building_id;project;segment;standard;typology;area;release_quarter;in_selected_launch_window;launched_units;final_units;sold_units
4T2025;building-with-history-internal / typologies_history;Alvorada;RS/Alvorada#52954;52954;Residencial Caribe;Vertical;Econômico;2 Dormitórios;;1T2020;false;16;0;0
4T2025;building-with-history-internal / typologies_history;Alvorada;RS/Alvorada#59233;59233;Sem Nome 05 - Passo De Feijó;Vertical;Econômico;2 Dormitórios;;1T2020;false;9;0;0
4T2025;building-with-history-internal / typologies_history;Cachoeirinha;RS/Cachoeirinha#16540;16540;Piacenza;Horizontal;Não classificado;Não classificado;;2T2011;false;29;0;0
4T2025;building-with-history-internal / typologies_history;Cachoeirinha;RS/Cachoeirinha#21396;21396;Residencial Tarumã;Vertical;Standard;2 Dormitórios;;1T2013;false;24;0;0
4T2025;building-with-history-internal / typologies_history;Cachoeirinha;RS/Cachoeirinha#21425;21425;Monte Suiço;Vertical;Econômico;2 Dormitórios;;3T2013;false;128;0;0
4T2025;building-with-history-internal / typologies_history;Cachoeirinha;RS/Cachoeirinha#21421;21421;Vila Monte Carlo;Vertical;Standard;2 Dormitórios;;3T2013;false;36;0;0
4T2025;building-with-history-internal / typologies_history;Cachoeirinha;RS/Cachoeirinha#21421;21421;Vila Monte Carlo;Vertical;Standard;3 Dormitórios;;3T2013;false;36;0;0
4T2025;building-with-history-internal / typologies_history;Cachoeirinha;RS/Cachoeirinha#21442;21442;Residencial Atalaia;Vertical;Econômico;2 Dormitórios;;1T2014;false;6;0;0
4T2025;building-with-history-internal / typologies_history;Cachoeirinha;RS/Cachoeirinha#21436;21436;Residencial Locatelli;Vertical;Standard;2 Dormitórios;;1T2014;false;176;0;0
4T2025;building-with-history-internal / typologies_history;Cachoeirinha;RS/Cachoeirinha#21436;21436;Residencial Locatelli;Vertical;Standard;3 Dormitórios;;1T2014;false;176;0;0
4T2025;building-with-history-internal / typologies_history;Cachoeirinha;RS/Cachoeirinha#16527;16527;City Park;Horizontal;Não classificado;Não classificado;;2T2014;false;100;0;0
4T2025;building-with-history-internal / typologies_history;Cachoeirinha;RS/Cachoeirinha#21418;21418;Residencial Marriott;Vertical;Econômico;2 Dormitórios;;3T2014;false;62;0;0
4T2025;building-with-history-internal / typologies_history;Cachoeirinha;RS/Cachoeirinha#21418;21418;Residencial Marriott;Vertical;Econômico;3 Dormitórios;;3T2014;false;62;0;0
4T2025;building-with-history-internal / typologies_history;Cachoeirinha;RS/Cachoeirinha#21511;21511;Aruba Residence;Vertical;Standard;2 Dormitórios;;1T2015;false;16;0;0
4T2025;building-with-history-internal / typologies_history;Cachoeirinha;RS/Cachoeirinha#27240;27240;Residencial Lina Bo Bardi;Vertical;Standard;2 Dormitórios;;2T2015;false;6;0;0
4T2025;building-with-history-internal / typologies_history;Cachoeirinha;RS/Cachoeirinha#16542;16542;Moradas Do Bosque;Horizontal;Não classificado;Não classificado;;1T2016;false;600;0;0
4T2025;building-with-history-internal / typologies_history;Cachoeirinha;RS/Cachoeirinha#16538;16538;Residencial Do Lago;Horizontal;Não classificado;Não classificado;;1T2016;false;500;0;0
4T2025;building-with-history-internal / typologies_history;Cachoeirinha;RS/Cachoeirinha#27242;27242;Residencial Richard Meier;Vertical;Standard;2 Dormitórios;;3T2016;false;14;0;0
4T2025;building-with-history-internal / typologies_history;Cachoeirinha;RS/Cachoeirinha#27242;27242;Residencial Richard Meier;Vertical;Standard;3 Dormitórios;;3T2016;false;7;0;0
4T2025;building-with-history-internal / typologies_history;Cachoeirinha;RS/Cachoeirinha#21444;21444;Residencial Moriá;Vertical;Econômico;2 Dormitórios;;4T2016;false;13;0;0
4T2025;building-with-history-internal / typologies_history;Cachoeirinha;RS/Cachoeirinha#21531;21531;Residencial Pará;Vertical;Econômico;2 Dormitórios;;4T2017;false;100;0;0
4T2025;building-with-history-internal / typologies_history;Cachoeirinha;RS/Cachoeirinha#27289;27289;Condomínio Amazonas;Vertical;Econômico;2 Dormitórios;;2T2018;false;220;0;0
4T2025;building-with-history-internal / typologies_history;Cachoeirinha;RS/Cachoeirinha#16528;16528;Central Park;Horizontal;Não classificado;Não classificado;;1T2019;false;124;0;0
4T2025;building-with-history-internal / typologies_history;Cachoeirinha;RS/Cachoeirinha#21548;21548;Marechal Hermes 26;Vertical;Econômico;2 Dormitórios;;1T2019;false;12;0;0
4T2025;building-with-history-internal / typologies_history;Cachoeirinha;RS/Cachoeirinha#27250;27250;Residencial Celebrity;Vertical;Standard;1 Dormitório;;1T2019;false;5;0;0
4T2025;building-with-history-internal / typologies_history;Cachoeirinha;RS/Cachoeirinha#27250;27250;Residencial Celebrity;Vertical;Standard;2 Dormitórios;;1T2019;false;45;0;0
4T2025;building-with-history-internal / typologies_history;Cachoeirinha;RS/Cachoeirinha#27250;27250;Residencial Celebrity;Vertical;Standard;3 Dormitórios;;1T2019;false;50;0;0
4T2025;building-with-history-internal / typologies_history;Cachoeirinha;RS/Cachoeirinha#27292;27292;Residencial Macieira;Vertical;Econômico;3 Dormitórios;;1T2019;false;4;0;0
4T2025;building-with-history-internal / typologies_history;Cachoeirinha;RS/Cachoeirinha#21395;21395;Residencial San Isidoro;Vertical;Standard;2 Dormitórios;;1T2019;false;12;0;0
4T2025;building-with-history-internal / typologies_history;Cachoeirinha;RS/Cachoeirinha#16532;16532;Villagio San Pietro - Fase 01;Horizontal;Não classificado;Não classificado;;1T2019;false;107;0;0
4T2025;building-with-history-internal / typologies_history;Cachoeirinha;RS/Cachoeirinha#16529;16529;Bella Vita;Horizontal;Não classificado;Não classificado;;2T2019;false;89;0;0
4T2025;building-with-history-internal / typologies_history;Cachoeirinha;RS/Cachoeirinha#21393;21393;Residencial Calatrava;Vertical;Standard;2 Dormitórios;;2T2019;false;8;0;0
4T2025;building-with-history-internal / typologies_history;Cachoeirinha;RS/Cachoeirinha#21393;21393;Residencial Calatrava;Vertical;Standard;3 Dormitórios;;2T2019;false;8;0;0
4T2025;building-with-history-internal / typologies_history;Cachoeirinha;RS/Cachoeirinha#21520;21520;Residencial Ebenézer;Vertical;Standard;2 Dormitórios;;2T2019;false;18;0;0
4T2025;building-with-history-internal / typologies_history;Cachoeirinha;RS/Cachoeirinha#21520;21520;Residencial Ebenézer;Vertical;Standard;3 Dormitórios;;2T2019;false;18;0;0
4T2025;building-with-history-internal / typologies_history;Cachoeirinha;RS/Cachoeirinha#21530;21530;Sem Nome;Vertical;Econômico;2 Dormitórios;;4T2019;false;18;0;0
4T2025;building-with-history-internal / typologies_history;Cachoeirinha;RS/Cachoeirinha#27284;27284;Residencial Das Hortênsias;Horizontal;Econômico;Não classificado;;1T2020;false;218;0;0
4T2025;building-with-history-internal / typologies_history;Cachoeirinha;RS/Cachoeirinha#21540;21540;Residencial Imperador;Vertical;Standard;2 Dormitórios;;1T2020;false;22;0;0
4T2025;building-with-history-internal / typologies_history;Cachoeirinha;RS/Cachoeirinha#27300;27300;Residencial Laguna;Horizontal;Não classificado;Não classificado;;1T2020;false;76;0;0
4T2025;building-with-history-internal / typologies_history;Cachoeirinha;RS/Cachoeirinha#21537;21537;Residencial Ny;Vertical;Econômico;2 Dormitórios;;1T2020;false;12;0;0
4T2025;building-with-history-internal / typologies_history;Cachoeirinha;RS/Cachoeirinha#21555;21555;Residencial Santa Cecília;Vertical;Standard;2 Dormitórios;;1T2020;false;32;0;0
4T2025;building-with-history-internal / typologies_history;Cachoeirinha;RS/Cachoeirinha#27301;27301;Residencial Terra Nova;Horizontal;Não classificado;Não classificado;;1T2020;false;51;0;0
4T2025;building-with-history-internal / typologies_history;Cachoeirinha;RS/Cachoeirinha#21394;21394;Residencial Yoo;Vertical;Econômico;2 Dormitórios;;1T2020;false;12;0;0
4T2025;building-with-history-internal / typologies_history;Cachoeirinha;RS/Cachoeirinha#27283;27283;Residencial Villa Flores -  Fase 1;Vertical;Econômico;2 Dormitórios;;3T2020;false;128;0;0
4T2025;building-with-history-internal / typologies_history;Canoas;RS/Canoas#23672;23672;Portal 386;Horizontal;Não classificado;Não classificado;;4T2006;false;53;0;0
4T2025;building-with-history-internal / typologies_history;Canoas;RS/Canoas#18013;18013;Solar Milão;Vertical;Médio;3 Dormitórios;;4T2008;false;14;0;0
4T2025;building-with-history-internal / typologies_history;Canoas;RS/Canoas#18014;18014;Unique 135;Vertical;Médio;2 Dormitórios;;1T2011;false;17;0;0
4T2025;building-with-history-internal / typologies_history;Canoas;RS/Canoas#18014;18014;Unique 135;Vertical;Médio;3 Dormitórios;;1T2011;false;5;0;0
4T2025;building-with-history-internal / typologies_history;Canoas;RS/Canoas#18033;18033;Stellato;Vertical;Standard;2 Dormitórios;;2T2011;false;18;0;0
4T2025;building-with-history-internal / typologies_history;Canoas;RS/Canoas#18033;18033;Stellato;Vertical;Standard;3 Dormitórios;;2T2011;false;54;0;0
4T2025;building-with-history-internal / typologies_history;Canoas;RS/Canoas#40630;40630;Solar Méditerranée;Vertical;Médio;3 Dormitórios;;3T2011;false;16;0;0
4T2025;building-with-history-internal / typologies_history;Canoas;RS/Canoas#18037;18037;Canoas Royal Palace;Vertical;Médio-Alto;3 Dormitórios;;1T2012;false;48;0;0
4T2025;building-with-history-internal / typologies_history;Canoas;RS/Canoas#18027;18027;Vida Viva Clube Canoas;Vertical;Standard;2 Dormitórios;;1T2012;false;248;0;0
4T2025;building-with-history-internal / typologies_history;Canoas;RS/Canoas#18027;18027;Vida Viva Clube Canoas;Vertical;Standard;3 Dormitórios;;1T2012;false;248;0;0
4T2025;building-with-history-internal / typologies_history;Canoas;RS/Canoas#18004;18004;Acqua Vêneto;Vertical;Standard;3 Dormitórios;;2T2012;false;16;0;0
4T2025;building-with-history-internal / typologies_history;Canoas;RS/Canoas#18023;18023;Solar Da Praça Ii;Vertical;Médio;3 Dormitórios;;2T2012;false;22;0;0
4T2025;building-with-history-internal / typologies_history;Canoas;RS/Canoas#18012;18012;Solar Toscana;Vertical;Standard;2 Dormitórios;;3T2012;false;8;0;0
4T2025;building-with-history-internal / typologies_history;Canoas;RS/Canoas#18012;18012;Solar Toscana;Vertical;Standard;3 Dormitórios;;3T2012;false;32;0;0
4T2025;building-with-history-internal / typologies_history;Canoas;RS/Canoas#18015;18015;Bandeirantes;Vertical;Standard;2 Dormitórios;;2T2013;false;11;0;0
4T2025;building-with-history-internal / typologies_history;Canoas;RS/Canoas#18015;18015;Bandeirantes;Vertical;Standard;3 Dormitórios;;2T2013;false;11;0;0
4T2025;building-with-history-internal / typologies_history;Canoas;RS/Canoas#18020;18020;Chatêau De La Vie;Vertical;Standard;2 Dormitórios;;3T2013;false;12;0;0
4T2025;building-with-history-internal / typologies_history;Canoas;RS/Canoas#18020;18020;Chatêau De La Vie;Vertical;Standard;3 Dormitórios;;3T2013;false;26;0;0
4T2025;building-with-history-internal / typologies_history;Canoas;RS/Canoas#77424;77424;Paradis Canoas;Horizontal;Não classificado;2 Dormitórios;;3T2013;false;1100;16;0
4T2025;building-with-history-internal / typologies_history;Canoas;RS/Canoas#18026;18026;Vida Viva Clube Centro;Vertical;Standard;2 Dormitórios;;3T2013;false;120;0;0
4T2025;building-with-history-internal / typologies_history;Canoas;RS/Canoas#18026;18026;Vida Viva Clube Centro;Vertical;Standard;3 Dormitórios;;3T2013;false;40;0;0
4T2025;building-with-history-internal / typologies_history;Canoas;RS/Canoas#18007;18007;Liv;Vertical;Standard;2 Dormitórios;;4T2013;false;156;0;0
4T2025;building-with-history-internal / typologies_history;Canoas;RS/Canoas#18007;18007;Liv;Vertical;Standard;3 Dormitórios;;4T2013;false;52;0;0
4T2025;building-with-history-internal / typologies_history;Canoas;RS/Canoas#18050;18050;Villagio Ventura;Vertical;Econômico;2 Dormitórios;;4T2013;false;320;320;0
4T2025;building-with-history-internal / typologies_history;Canoas;RS/Canoas#18001;18001;Edifício Valentina;Vertical;Médio;3 Dormitórios;;1T2014;false;30;0;0
4T2025;building-with-history-internal / typologies_history;Canoas;RS/Canoas#18019;18019;Residencial Neriá;Vertical;Econômico;2 Dormitórios;;1T2014;false;240;0;0
4T2025;building-with-history-internal / typologies_history;Canoas;RS/Canoas#18048;18048;The One;Vertical;Compacto;1 Dormitório;;1T2014;false;25;0;0
4T2025;building-with-history-internal / typologies_history;Canoas;RS/Canoas#18048;18048;The One;Vertical;Compacto;2 Dormitórios;;1T2014;false;25;0;0
4T2025;building-with-history-internal / typologies_history;Canoas;RS/Canoas#18047;18047;Gran Palace;Vertical;Standard;2 Dormitórios;;2T2014;false;11;0;0
4T2025;building-with-history-internal / typologies_history;Canoas;RS/Canoas#18047;18047;Gran Palace;Vertical;Standard;3 Dormitórios;;2T2014;false;22;0;0
4T2025;building-with-history-internal / typologies_history;Canoas;RS/Canoas#18006;18006;Residencial Vinte De Setembro;Vertical;Standard;2 Dormitórios;;2T2014;false;88;0;0
4T2025;building-with-history-internal / typologies_history;Canoas;RS/Canoas#18032;18032;Life Park Condomínio Clube Fase Ii E Iii;Vertical;Standard;2 Dormitórios;;3T2014;false;792;0;0
4T2025;building-with-history-internal / typologies_history;Canoas;RS/Canoas#18032;18032;Life Park Condomínio Clube Fase Ii E Iii;Vertical;Standard;3 Dormitórios;;3T2014;false;792;0;0
4T2025;building-with-history-internal / typologies_history;Canoas;RS/Canoas#18040;18040;Duque Residence;Vertical;Médio;2 Dormitórios;;4T2014;false;20;0;0
4T2025;building-with-history-internal / typologies_history;Canoas;RS/Canoas#18040;18040;Duque Residence;Vertical;Médio;3 Dormitórios;;4T2014;false;20;0;0
4T2025;building-with-history-internal / typologies_history;Canoas;RS/Canoas#18003;18003;Santorini Palace;Vertical;Médio;3 Dormitórios;;4T2014;false;33;0;0
4T2025;building-with-history-internal / typologies_history;Canoas;RS/Canoas#18046;18046;Ecco Villaggio;Vertical;Standard;2 Dormitórios;;1T2015;false;184;0;0
4T2025;building-with-history-internal / typologies_history;Canoas;RS/Canoas#18009;18009;La Salette Premium Residence;Vertical;Médio;3 Dormitórios;;1T2015;false;20;0;0
4T2025;building-with-history-internal / typologies_history;Canoas;RS/Canoas#18039;18039;Atlanta Residence;Vertical;Standard;2 Dormitórios;;3T2015;false;188;0;0
4T2025;building-with-history-internal / typologies_history;Canoas;RS/Canoas#18024;18024;Maxplaza Home;Vertical;Compacto;1 Dormitório;;4T2015;false;216;0;0
4T2025;building-with-history-internal / typologies_history;Canoas;RS/Canoas#18016;18016;Nações Unidas 567;Vertical;Médio;2 Dormitórios;;2T2016;false;7;0;0
4T2025;building-with-history-internal / typologies_history;Canoas;RS/Canoas#18016;18016;Nações Unidas 567;Vertical;Médio;3 Dormitórios;;2T2016;false;7;0;0
4T2025;building-with-history-internal / typologies_history;Canoas;RS/Canoas#18043;18043;Park Lisboa;Vertical;Econômico;2 Dormitórios;;2T2016;false;104;0;0
4T2025;building-with-history-internal / typologies_history;Canoas;RS/Canoas#18011;18011;Quartier Apartments;Vertical;Standard;1 Dormitório;;2T2016;false;76;0;0
4T2025;building-with-history-internal / typologies_history;Canoas;RS/Canoas#18011;18011;Quartier Apartments;Vertical;Standard;2 Dormitórios;;2T2016;false;48;0;0
4T2025;building-with-history-internal / typologies_history;Canoas;RS/Canoas#18011;18011;Quartier Apartments;Vertical;Standard;3 Dormitórios;;2T2016;false;48;0;0
4T2025;building-with-history-internal / typologies_history;Canoas;RS/Canoas#18042;18042;Residencial Názario I;Vertical;Econômico;2 Dormitórios;;2T2016;false;120;0;0
4T2025;building-with-history-internal / typologies_history;Canoas;RS/Canoas#18018;18018;Villa Di Cremona Residencial;Vertical;Econômico;2 Dormitórios;;2T2016;false;288;0;0
4T2025;building-with-history-internal / typologies_history;Canoas;RS/Canoas#40621;40621;Condado Da Figueira;Vertical;Standard;2 Dormitórios;;3T2016;false;14;0;0
4T2025;building-with-history-internal / typologies_history;Canoas;RS/Canoas#40621;40621;Condado Da Figueira;Vertical;Standard;3 Dormitórios;;3T2016;false;14;0;0
4T2025;building-with-history-internal / typologies_history;Canoas;RS/Canoas#18195;18195;Vivendas Porto Fino;Horizontal;Não classificado;Não classificado;;3T2016;false;66;0;0
4T2025;building-with-history-internal / typologies_history;Canoas;RS/Canoas#17998;17998;Residencial Abbot;Vertical;Econômico;2 Dormitórios;;4T2016;false;14;0;0
4T2025;building-with-history-internal / typologies_history;Canoas;RS/Canoas#18010;18010;Breeze Condomínio Singular;Vertical;Médio;2 Dormitórios;;1T2017;false;13;0;0
4T2025;building-with-history-internal / typologies_history;Canoas;RS/Canoas#18010;18010;Breeze Condomínio Singular;Vertical;Médio;3 Dormitórios;;1T2017;false;13;0;0
4T2025;building-with-history-internal / typologies_history;Canoas;RS/Canoas#18193;18193;Morada Do Campus;Horizontal;Não classificado;Não classificado;;1T2017;false;158;0;0
4T2025;building-with-history-internal / typologies_history;Canoas;RS/Canoas#18029;18029;Parque Porto Ágata;Vertical;Econômico;2 Dormitórios;;1T2017;false;480;0;0
4T2025;building-with-history-internal / typologies_history;Canoas;RS/Canoas#18051;18051;Residencial Brasil;Vertical;Econômico;2 Dormitórios;;1T2017;false;96;0;0
4T2025;building-with-history-internal / typologies_history;Canoas;RS/Canoas#18035;18035;Verdes Park;Vertical;Econômico;2 Dormitórios;;1T2017;false;30;0;0
4T2025;building-with-history-internal / typologies_history;Canoas;RS/Canoas#18036;18036;Monte Bello;Vertical;Médio;3 Dormitórios;;2T2017;false;40;0;0
4T2025;building-with-history-internal / typologies_history;Canoas;RS/Canoas#32276;32276;Residencial Igara Park Iii;Vertical;Econômico;2 Dormitórios;;2T2017;false;40;0;0
4T2025;building-with-history-internal / typologies_history;Canoas;RS/Canoas#32276;32276;Residencial Igara Park Iii;Vertical;Econômico;3 Dormitórios;;2T2017;false;80;0;0
4T2025;building-with-history-internal / typologies_history;Canoas;RS/Canoas#17999;17999;Residencial Primavera;Vertical;Econômico;2 Dormitórios;;2T2017;false;40;0;0
4T2025;building-with-history-internal / typologies_history;Canoas;RS/Canoas#18022;18022;Residencial Vivace;Vertical;Standard;1 Dormitório;;2T2017;false;8;0;0
4T2025;building-with-history-internal / typologies_history;Canoas;RS/Canoas#18022;18022;Residencial Vivace;Vertical;Standard;2 Dormitórios;;2T2017;false;34;0;0
4T2025;building-with-history-internal / typologies_history;Canoas;RS/Canoas#18021;18021;Residencial São Nicolau;Vertical;Econômico;2 Dormitórios;;3T2017;false;150;0;0
4T2025;building-with-history-internal / typologies_history;Canoas;RS/Canoas#58358;58358;Vivendas Dos Arcos;Horizontal;Não classificado;Não classificado;;3T2017;false;104;0;0
4T2025;building-with-history-internal / typologies_history;Canoas;RS/Canoas#18049;18049;Condomínio Residencial Neo Igara;Vertical;Econômico;2 Dormitórios;;4T2017;false;176;0;0
4T2025;building-with-history-internal / typologies_history;Canoas;RS/Canoas#18049;18049;Condomínio Residencial Neo Igara;Vertical;Econômico;3 Dormitórios;;4T2017;false;176;0;0
4T2025;building-with-history-internal / typologies_history;Canoas;RS/Canoas#18038;18038;Edifício Liana;Vertical;Standard;2 Dormitórios;;4T2017;false;32;0;0
4T2025;building-with-history-internal / typologies_history;Canoas;RS/Canoas#18041;18041;Estância Park Residencial;Vertical;Econômico;2 Dormitórios;;4T2017;false;120;0;0
4T2025;building-with-history-internal / typologies_history;Canoas;RS/Canoas#18028;18028;Porto Esmeralda;Vertical;Econômico;2 Dormitórios;;4T2017;false;560;0;0
4T2025;building-with-history-internal / typologies_history;Canoas;RS/Canoas#18031;18031;Parque Porto Canoas;Vertical;Econômico;2 Dormitórios;;1T2018;false;220;0;0
4T2025;building-with-history-internal / typologies_history;Canoas;RS/Canoas#32283;32283;Reserva Dos Eucaliptos;Vertical;Econômico;2 Dormitórios;;1T2018;false;282;0;0
4T2025;building-with-history-internal / typologies_history;Canoas;RS/Canoas#32283;32283;Reserva Dos Eucaliptos;Vertical;Econômico;1 Dormitório;;1T2018;false;18;0;0
4T2025;building-with-history-internal / typologies_history;Canoas;RS/Canoas#18045;18045;Bella Estância;Vertical;Econômico;2 Dormitórios;;2T2018;false;120;0;0
4T2025;building-with-history-internal / typologies_history;Canoas;RS/Canoas#18044;18044;Vida Alegre Canoas - 2° Fase;Vertical;Econômico;1 Dormitório;;2T2018;false;56;0;0
4T2025;building-with-history-internal / typologies_history;Canoas;RS/Canoas#18044;18044;Vida Alegre Canoas - 2° Fase;Vertical;Econômico;2 Dormitórios;;2T2018;false;244;0;0
4T2025;building-with-history-internal / typologies_history;Canoas;RS/Canoas#18064;18064;Nova Primavera I;Vertical;Econômico;1 Dormitório;;3T2018;false;64;0;0
4T2025;building-with-history-internal / typologies_history;Canoas;RS/Canoas#18064;18064;Nova Primavera I;Vertical;Econômico;2 Dormitórios;;3T2018;false;256;0;0
4T2025;building-with-history-internal / typologies_history;Canoas;RS/Canoas#18059;18059;Solar Angelo Mazillo;Vertical;Médio;3 Dormitórios;;3T2018;false;18;0;0
4T2025;building-with-history-internal / typologies_history;Canoas;RS/Canoas#18063;18063;Jardim Park Canoas;Vertical;Econômico;1 Dormitório;;4T2018;false;100;0;0
4T2025;building-with-history-internal / typologies_history;Canoas;RS/Canoas#18063;18063;Jardim Park Canoas;Vertical;Econômico;2 Dormitórios;;4T2018;false;400;0;0
4T2025;building-with-history-internal / typologies_history;Canoas;RS/Canoas#21935;21935;Open Canoas Centro - Fase 1;Vertical;Econômico;2 Dormitórios;;4T2018;false;200;0;0
4T2025;building-with-history-internal / typologies_history;Canoas;RS/Canoas#18057;18057;Como Residencial;Vertical;Standard;2 Dormitórios;;1T2019;false;34;0;0
4T2025;building-with-history-internal / typologies_history;Canoas;RS/Canoas#18057;18057;Como Residencial;Vertical;Standard;3 Dormitórios;;1T2019;false;16;1;0
4T2025;building-with-history-internal / typologies_history;Canoas;RS/Canoas#18058;18058;Residencial Caviraghi;Vertical;Standard;1 Dormitório;;1T2019;false;4;0;0
4T2025;building-with-history-internal / typologies_history;Canoas;RS/Canoas#18058;18058;Residencial Caviraghi;Vertical;Standard;2 Dormitórios;;1T2019;false;12;0;0
4T2025;building-with-history-internal / typologies_history;Canoas;RS/Canoas#72462;72462;Life Park Colors;Vertical;Standard;2 Dormitórios;;2T2019;false;234;0;0
4T2025;building-with-history-internal / typologies_history;Canoas;RS/Canoas#72462;72462;Life Park Colors;Vertical;Standard;3 Dormitórios;;2T2019;false;234;0;0
4T2025;building-with-history-internal / typologies_history;Canoas;RS/Canoas#18062;18062;Porto San Diego;Vertical;Econômico;2 Dormitórios;;2T2019;false;320;0;0
4T2025;building-with-history-internal / typologies_history;Canoas;RS/Canoas#18065;18065;Residencial Pandiá;Vertical;Econômico;2 Dormitórios;;2T2019;false;8;0;0
4T2025;building-with-history-internal / typologies_history;Canoas;RS/Canoas#18184;18184;Condomínio Las Brisas;Horizontal;Não classificado;Não classificado;;3T2019;false;60;0;0
4T2025;building-with-history-internal / typologies_history;Canoas;RS/Canoas#18060;18060;Open Canoas Centro - Fase 2;Vertical;Econômico;2 Dormitórios;;3T2019;false;240;0;0
4T2025;building-with-history-internal / typologies_history;Canoas;RS/Canoas#18053;18053;Porto Itália;Vertical;Econômico;2 Dormitórios;;3T2019;false;80;0;0
4T2025;building-with-history-internal / typologies_history;Canoas;RS/Canoas#48155;48155;Residencial Domani- Torre A;Vertical;Standard;2 Dormitórios;;3T2019;false;48;0;0
4T2025;building-with-history-internal / typologies_history;Canoas;RS/Canoas#18052;18052;Residencial Domani- Torre B;Vertical;Standard;2 Dormitórios;;3T2019;false;48;0;0
4T2025;building-with-history-internal / typologies_history;Canoas;RS/Canoas#18066;18066;Residencial Machadinho;Vertical;Econômico;2 Dormitórios;;3T2019;false;8;0;0
4T2025;building-with-history-internal / typologies_history;Canoas;RS/Canoas#18054;18054;Residencial Solar Da Estância;Vertical;Econômico;2 Dormitórios;;3T2019;false;250;0;0
4T2025;building-with-history-internal / typologies_history;Canoas;RS/Canoas#18055;18055;Villaggio Das Flores;Vertical;Econômico;2 Dormitórios;;4T2019;false;168;0;0
4T2025;building-with-history-internal / typologies_history;Canoas;RS/Canoas#18071;18071;Mont Pellegrino;Vertical;Standard;2 Dormitórios;;1T2020;false;12;5;-5
4T2025;building-with-history-internal / typologies_history;Canoas;RS/Canoas#18071;18071;Mont Pellegrino;Vertical;Standard;3 Dormitórios;;1T2020;false;20;0;1
4T2025;building-with-history-internal / typologies_history;Canoas;RS/Canoas#18070;18070;Parque Porto Piratini;Vertical;Standard;2 Dormitórios;;1T2020;false;80;0;0
4T2025;building-with-history-internal / typologies_history;Canoas;RS/Canoas#48156;48156;Residencial Domani- Torre C;Vertical;Standard;2 Dormitórios;;1T2020;false;48;1;0
4T2025;building-with-history-internal / typologies_history;Canoas;RS/Canoas#18069;18069;Residencial Germany;Vertical;Médio;3 Dormitórios;;1T2020;false;40;0;0
4T2025;building-with-history-internal / typologies_history;Canoas;RS/Canoas#25663;25663;Residencial Porto Lisboa;Vertical;Econômico;2 Dormitórios;;1T2020;false;200;0;0
4T2025;building-with-history-internal / typologies_history;Canoas;RS/Canoas#18072;18072;Residencial Solar Santa Maria;Vertical;Standard;2 Dormitórios;;1T2020;false;12;0;0
4T2025;building-with-history-internal / typologies_history;Canoas;RS/Canoas#34726;34726;Nova Primavera Ii;Vertical;Econômico;2 Dormitórios;;2T2020;false;300;0;0
4T2025;building-with-history-internal / typologies_history;Canoas;RS/Canoas#47330;47330;Rosina Residence;Vertical;Médio;3 Dormitórios;;2T2020;false;10;2;0
4T2025;building-with-history-internal / typologies_history;Canoas;RS/Canoas#31659;31659;Clube Residencial Pleno Canoas - 1º Fase;Vertical;Econômico;2 Dormitórios;;3T2020;false;160;0;0
4T2025;building-with-history-internal / typologies_history;Canoas;RS/Canoas#21937;21937;Residencial Dom;Vertical;Standard;1 Dormitório;;3T2020;false;5;0;0
4T2025;building-with-history-internal / typologies_history;Canoas;RS/Canoas#21937;21937;Residencial Dom;Vertical;Standard;2 Dormitórios;;3T2020;false;20;0;0
4T2025;building-with-history-internal / typologies_history;Canoas;RS/Canoas#48158;48158;Residencial Domani- Torre D;Vertical;Standard;2 Dormitórios;;3T2020;false;48;0;1
4T2025;building-with-history-internal / typologies_history;Canoas;RS/Canoas#31575;31575;Residencial Sense;Vertical;Standard;2 Dormitórios;;3T2020;false;208;0;0
4T2025;building-with-history-internal / typologies_history;Canoas;RS/Canoas#25665;25665;Villaggio Di Milano - Fase 1;Vertical;Standard;2 Dormitórios;;3T2020;false;112;0;0
4T2025;building-with-history-internal / typologies_history;Canoas;RS/Canoas#72464;72464;Alto Da Colina;Vertical;Standard;2 Dormitórios;;4T2020;false;10;0;0
4T2025;building-with-history-internal / typologies_history;Eldorado do Sul;RS/Eldorado do Sul#17179;17179;Residencial Centro Novo;Horizontal;Não classificado;Não classificado;;3T2001;false;2357;0;0
4T2025;building-with-history-internal / typologies_history;Eldorado do Sul;RS/Eldorado do Sul#17180;17180;Ponta Da Figueira Marina;Horizontal;Não classificado;Não classificado;;1T2010;false;310;0;0
4T2025;building-with-history-internal / typologies_history;Eldorado do Sul;RS/Eldorado do Sul#17181;17181;Eldorado Ilhas Park;Horizontal;Não classificado;Não classificado;;3T2010;false;90;0;0
4T2025;building-with-history-internal / typologies_history;Eldorado do Sul;RS/Eldorado do Sul#17183;17183;Península Ponta Da Figueira;Horizontal;Não classificado;Não classificado;;4T2017;false;147;0;0
4T2025;building-with-history-internal / typologies_history;Eldorado do Sul;RS/Eldorado do Sul#52791;52791;Residencial Eldorado;Vertical;Standard;2 Dormitórios;;1T2018;false;6;0;0
4T2025;building-with-history-internal / typologies_history;Eldorado do Sul;RS/Eldorado do Sul#17189;17189;Residencial Eldorado;Vertical;Standard;2 Dormitórios;;1T2018;false;6;0;0
4T2025;building-with-history-internal / typologies_history;Eldorado do Sul;RS/Eldorado do Sul#17182;17182;Veredas Condomínio Park;Horizontal;Não classificado;Não classificado;;2T2018;false;156;116;0
4T2025;building-with-history-internal / typologies_history;Eldorado do Sul;RS/Eldorado do Sul#17188;17188;Caminhos Da Serra;Vertical;Econômico;2 Dormitórios;;2T2019;false;4;0;0
4T2025;building-with-history-internal / typologies_history;Esteio;RS/Esteio#21308;21308;Residencial Belluno;Vertical;Standard;3 Dormitórios;;1T2014;false;12;0;0
4T2025;building-with-history-internal / typologies_history;Esteio;RS/Esteio#21306;21306;Residencial Claret;Vertical;Standard;2 Dormitórios;;1T2015;false;105;0;0
4T2025;building-with-history-internal / typologies_history;Esteio;RS/Esteio#21306;21306;Residencial Claret;Vertical;Standard;3 Dormitórios;;1T2015;false;105;0;0
4T2025;building-with-history-internal / typologies_history;Esteio;RS/Esteio#21307;21307;Vila Romana Residence;Vertical;Médio;3 Dormitórios;;1T2015;false;29;0;0
4T2025;building-with-history-internal / typologies_history;Esteio;RS/Esteio#21303;21303;Residencial Berlim;Vertical;Econômico;2 Dormitórios;;2T2015;false;80;0;0
4T2025;building-with-history-internal / typologies_history;Esteio;RS/Esteio#21303;21303;Residencial Berlim;Vertical;Econômico;3 Dormitórios;;2T2015;false;40;0;0
4T2025;building-with-history-internal / typologies_history;Esteio;RS/Esteio#21300;21300;Dubai Tower Residence;Vertical;Médio;4 ou + Dormitórios;;3T2015;false;60;0;0
4T2025;building-with-history-internal / typologies_history;Esteio;RS/Esteio#21298;21298;Everest Tower Residence;Vertical;Standard;2 Dormitórios;;3T2015;false;26;0;0
4T2025;building-with-history-internal / typologies_history;Esteio;RS/Esteio#21298;21298;Everest Tower Residence;Vertical;Standard;3 Dormitórios;;3T2015;false;26;0;0
4T2025;building-with-history-internal / typologies_history;Esteio;RS/Esteio#21299;21299;Connect Home;Vertical;Standard;1 Dormitório;;2T2016;false;11;0;0
4T2025;building-with-history-internal / typologies_history;Esteio;RS/Esteio#21299;21299;Connect Home;Vertical;Standard;2 Dormitórios;;2T2016;false;46;0;0
4T2025;building-with-history-internal / typologies_history;Esteio;RS/Esteio#21305;21305;Puerto Madero Residencial;Vertical;Médio;3 Dormitórios;;2T2016;false;46;0;0
4T2025;building-with-history-internal / typologies_history;Esteio;RS/Esteio#21302;21302;Alicante;Vertical;Econômico;2 Dormitórios;;4T2016;false;260;0;0
4T2025;building-with-history-internal / typologies_history;Esteio;RS/Esteio#21562;21562;Residencial Ravenna;Vertical;Standard;2 Dormitórios;;1T2017;false;28;0;0
4T2025;building-with-history-internal / typologies_history;Esteio;RS/Esteio#21562;21562;Residencial Ravenna;Vertical;Standard;3 Dormitórios;;1T2017;false;28;0;0
4T2025;building-with-history-internal / typologies_history;Esteio;RS/Esteio#21464;21464;Residencial Cruz Alta;Vertical;Standard;2 Dormitórios;;1T2018;false;16;0;0
4T2025;building-with-history-internal / typologies_history;Esteio;RS/Esteio#21464;21464;Residencial Cruz Alta;Vertical;Standard;3 Dormitórios;;1T2018;false;16;0;0
4T2025;building-with-history-internal / typologies_history;Esteio;RS/Esteio#27220;27220;Abu Dhabi;Vertical;Alto;4 ou + Dormitórios;;3T2018;false;43;0;0
4T2025;building-with-history-internal / typologies_history;Esteio;RS/Esteio#21328;21328;Gran Vívaro;Vertical;Standard;2 Dormitórios;;4T2018;false;22;0;0
4T2025;building-with-history-internal / typologies_history;Esteio;RS/Esteio#21318;21318;Firenze Residencial;Vertical;Standard;2 Dormitórios;;3T2019;false;18;0;0
4T2025;building-with-history-internal / typologies_history;Esteio;RS/Esteio#21318;21318;Firenze Residencial;Vertical;Standard;3 Dormitórios;;3T2019;false;18;0;0
4T2025;building-with-history-internal / typologies_history;Esteio;RS/Esteio#21314;21314;Vivendas De Esteio;Vertical;Econômico;2 Dormitórios;;1T2020;false;203;0;0
4T2025;building-with-history-internal / typologies_history;Gravataí;RS/Gravataí#16539;16539;Vale Ville;Horizontal;Não classificado;3 Dormitórios;;2T2011;false;170;0;0
4T2025;building-with-history-internal / typologies_history;Gravataí;RS/Gravataí#16548;16548;Renascença Parque Residencial;Horizontal;Não classificado;Não classificado;;1T2012;false;210;0;0
4T2025;building-with-history-internal / typologies_history;Gravataí;RS/Gravataí#21620;21620;Mont Serrat;Vertical;Standard;3 Dormitórios;;3T2012;false;22;0;0
4T2025;building-with-history-internal / typologies_history;Gravataí;RS/Gravataí#21566;21566;Residencial Tarumã;Vertical;Econômico;2 Dormitórios;;1T2013;false;24;0;0
4T2025;building-with-history-internal / typologies_history;Gravataí;RS/Gravataí#21623;21623;Parque Porto Gravataí;Vertical;Econômico;2 Dormitórios;;3T2013;false;400;0;0
4T2025;building-with-history-internal / typologies_history;Gravataí;RS/Gravataí#21619;21619;Condado De Noronha;Vertical;Compacto;1 Dormitório;;1T2014;false;48;0;0
4T2025;building-with-history-internal / typologies_history;Gravataí;RS/Gravataí#21619;21619;Condado De Noronha;Vertical;Compacto;2 Dormitórios;;1T2014;false;16;0;0
4T2025;building-with-history-internal / typologies_history;Gravataí;RS/Gravataí#16559;16559;Giardino Gravattá Park Residence;Horizontal;Não classificado;Não classificado;;1T2014;false;45;0;0
4T2025;building-with-history-internal / typologies_history;Gravataí;RS/Gravataí#21617;21617;Grann Palazzio;Vertical;Standard;2 Dormitórios;;1T2014;false;40;0;0
4T2025;building-with-history-internal / typologies_history;Gravataí;RS/Gravataí#21617;21617;Grann Palazzio;Vertical;Standard;3 Dormitórios;;1T2014;false;40;0;0
4T2025;building-with-history-internal / typologies_history;Gravataí;RS/Gravataí#21661;21661;Lessa Gomes;Vertical;Standard;2 Dormitórios;;2T2014;false;24;0;0
4T2025;building-with-history-internal / typologies_history;Gravataí;RS/Gravataí#21661;21661;Lessa Gomes;Vertical;Standard;3 Dormitórios;;2T2014;false;24;0;0
4T2025;building-with-history-internal / typologies_history;Gravataí;RS/Gravataí#21638;21638;Condomínio São Vicente;Vertical;Econômico;2 Dormitórios;;3T2014;false;28;0;0
4T2025;building-with-history-internal / typologies_history;Gravataí;RS/Gravataí#21638;21638;Condomínio São Vicente;Vertical;Econômico;3 Dormitórios;;3T2014;false;20;0;0
4T2025;building-with-history-internal / typologies_history;Gravataí;RS/Gravataí#16549;16549;Jardins Do Vale;Horizontal;Não classificado;Não classificado;;4T2014;false;190;0;0
4T2025;building-with-history-internal / typologies_history;Gravataí;RS/Gravataí#21630;21630;Sem Nome;Vertical;Econômico;2 Dormitórios;;4T2014;false;16;0;0
4T2025;building-with-history-internal / typologies_history;Gravataí;RS/Gravataí#21572;21572;Barnabé I, Ii E Iii;Vertical;Econômico;2 Dormitórios;;1T2015;false;60;0;0
4T2025;building-with-history-internal / typologies_history;Gravataí;RS/Gravataí#16558;16558;Primavera Condomínio Clube;Horizontal;Não classificado;Não classificado;;2T2015;false;199;0;0
4T2025;building-with-history-internal / typologies_history;Gravataí;RS/Gravataí#21626;21626;Resid. Ana Glória Ii;Vertical;Econômico;2 Dormitórios;;2T2015;false;12;0;0
4T2025;building-with-history-internal / typologies_history;Gravataí;RS/Gravataí#21574;21574;Residencial Dona Wilma;Vertical;Standard;2 Dormitórios;;2T2015;false;10;0;0
4T2025;building-with-history-internal / typologies_history;Gravataí;RS/Gravataí#21574;21574;Residencial Dona Wilma;Vertical;Standard;3 Dormitórios;;2T2015;false;39;0;0
4T2025;building-with-history-internal / typologies_history;Gravataí;RS/Gravataí#21681;21681;Residencial Jorge Amado;Vertical;Econômico;1 Dormitório;;2T2015;false;3;0;0
4T2025;building-with-history-internal / typologies_history;Gravataí;RS/Gravataí#21681;21681;Residencial Jorge Amado;Vertical;Econômico;2 Dormitórios;;2T2015;false;115;0;0
4T2025;building-with-history-internal / typologies_history;Gravataí;RS/Gravataí#21624;21624;Parque Dos Anjos;Vertical;Econômico;1 Dormitório;;3T2015;false;8;0;0
4T2025;building-with-history-internal / typologies_history;Gravataí;RS/Gravataí#21624;21624;Parque Dos Anjos;Vertical;Econômico;2 Dormitórios;;3T2015;false;152;0;0
4T2025;building-with-history-internal / typologies_history;Gravataí;RS/Gravataí#21627;21627;Porto San Lucas;Vertical;Econômico;2 Dormitórios;;3T2015;false;132;0;0
4T2025;building-with-history-internal / typologies_history;Gravataí;RS/Gravataí#21642;21642;Village Center Gravataí;Vertical;Econômico;2 Dormitórios;;3T2015;false;224;0;0
4T2025;building-with-history-internal / typologies_history;Gravataí;RS/Gravataí#21642;21642;Village Center Gravataí;Vertical;Econômico;3 Dormitórios;;3T2015;false;224;0;0
4T2025;building-with-history-internal / typologies_history;Gravataí;RS/Gravataí#16552;16552;Província Di Pádova;Horizontal;Não classificado;Não classificado;;4T2015;false;46;0;0
4T2025;building-with-history-internal / typologies_history;Gravataí;RS/Gravataí#21629;21629;Residencial Adonai;Vertical;Econômico;2 Dormitórios;;4T2015;false;15;0;0
4T2025;building-with-history-internal / typologies_history;Gravataí;RS/Gravataí#21629;21629;Residencial Adonai;Vertical;Econômico;3 Dormitórios;;4T2015;false;15;0;0
4T2025;building-with-history-internal / typologies_history;Gravataí;RS/Gravataí#21616;21616;Boulevard Charleston;Vertical;Standard;2 Dormitórios;;1T2016;false;12;0;0
4T2025;building-with-history-internal / typologies_history;Gravataí;RS/Gravataí#16550;16550;Residencial Neópolis;Horizontal;Não classificado;Não classificado;;1T2016;false;122;10;1
4T2025;building-with-history-internal / typologies_history;Gravataí;RS/Gravataí#21578;21578;Solar Das Palmeiras;Vertical;Econômico;2 Dormitórios;;1T2016;false;50;0;0
4T2025;building-with-history-internal / typologies_history;Gravataí;RS/Gravataí#16553;16553;Águas Claras;Horizontal;Não classificado;Não classificado;;2T2016;false;159;0;0
4T2025;building-with-history-internal / typologies_history;Gravataí;RS/Gravataí#21577;21577;Condomínio São Diego;Vertical;Econômico;2 Dormitórios;;2T2016;false;64;0;0
4T2025;building-with-history-internal / typologies_history;Gravataí;RS/Gravataí#21637;21637;Residencial Solar Mont'belo;Vertical;Standard;2 Dormitórios;;2T2016;false;32;0;0
4T2025;building-with-history-internal / typologies_history;Gravataí;RS/Gravataí#21412;21412;San Diego;Vertical;Econômico;2 Dormitórios;;2T2016;false;64;0;0
4T2025;building-with-history-internal / typologies_history;Gravataí;RS/Gravataí#16565;16565;Província Di Pordenone;Horizontal;Não classificado;Não classificado;;3T2016;false;55;0;0
4T2025;building-with-history-internal / typologies_history;Gravataí;RS/Gravataí#16554;16554;Reserva Dom Feliciano;Horizontal;Não classificado;Não classificado;;3T2016;false;233;12;0
4T2025;building-with-history-internal / typologies_history;Gravataí;RS/Gravataí#58712;58712;Residencial Maranata;Vertical;Econômico;2 Dormitórios;;3T2016;false;9;0;0
4T2025;building-with-history-internal / typologies_history;Gravataí;RS/Gravataí#31654;31654;Cyrela Landscape Seminário;Horizontal;Não classificado;Não classificado;;4T2016;false;633;0;0
4T2025;building-with-history-internal / typologies_history;Gravataí;RS/Gravataí#21628;21628;Porto Atlanta;Vertical;Econômico;2 Dormitórios;;4T2016;false;240;0;0
4T2025;building-with-history-internal / typologies_history;Gravataí;RS/Gravataí#16555;16555;Reserva Bela Vista;Horizontal;Não classificado;Não classificado;;4T2016;false;382;8;-1
4T2025;building-with-history-internal / typologies_history;Gravataí;RS/Gravataí#21635;21635;Porto General Canabarro;Vertical;Econômico;2 Dormitórios;;2T2017;false;200;0;0
4T2025;building-with-history-internal / typologies_history;Gravataí;RS/Gravataí#16564;16564;Parque Dos Anjos;Horizontal;Não classificado;Não classificado;;3T2017;false;94;0;0
4T2025;building-with-history-internal / typologies_history;Gravataí;RS/Gravataí#16557;16557;Prado Los Álamos;Horizontal;Não classificado;Não classificado;;3T2017;false;272;8;0
4T2025;building-with-history-internal / typologies_history;Gravataí;RS/Gravataí#16556;16556;Residencial Aldeia Parque;Horizontal;Não classificado;Não classificado;;3T2017;false;96;8;0
4T2025;building-with-history-internal / typologies_history;Gravataí;RS/Gravataí#21631;21631;Residencial Provence;Vertical;Standard;2 Dormitórios;;4T2017;false;12;0;0
4T2025;building-with-history-internal / typologies_history;Gravataí;RS/Gravataí#21636;21636;Green Ville Alphaville;Vertical;Standard;2 Dormitórios;;1T2018;false;6;0;0
4T2025;building-with-history-internal / typologies_history;Gravataí;RS/Gravataí#21636;21636;Green Ville Alphaville;Vertical;Standard;3 Dormitórios;;1T2018;false;6;0;0
4T2025;building-with-history-internal / typologies_history;Gravataí;RS/Gravataí#21554;21554;Residencial Maranata;Vertical;Econômico;2 Dormitórios;;1T2018;false;9;0;0
4T2025;building-with-history-internal / typologies_history;Gravataí;RS/Gravataí#21634;21634;Édifice Le Charmant;Vertical;Standard;2 Dormitórios;;3T2018;false;24;0;0
4T2025;building-with-history-internal / typologies_history;Gravataí;RS/Gravataí#21634;21634;Édifice Le Charmant;Vertical;Standard;3 Dormitórios;;3T2018;false;9;0;0
4T2025;building-with-history-internal / typologies_history;Gravataí;RS/Gravataí#21641;21641;Residencial Transfilhos;Vertical;Econômico;2 Dormitórios;;3T2018;false;4;0;0
4T2025;building-with-history-internal / typologies_history;Gravataí;RS/Gravataí#21632;21632;Paseo Città;Vertical;Econômico;2 Dormitórios;;4T2018;false;260;0;0
4T2025;building-with-history-internal / typologies_history;Gravataí;RS/Gravataí#21647;21647;Residencial Lauro Muller;Vertical;Econômico;2 Dormitórios;;4T2018;false;8;0;0
4T2025;building-with-history-internal / typologies_history;Gravataí;RS/Gravataí#21650;21650;Residencial Santa Maria;Vertical;Econômico;2 Dormitórios;;4T2018;false;8;0;0
4T2025;building-with-history-internal / typologies_history;Gravataí;RS/Gravataí#53051;53051;Residencial Lyon;Vertical;Econômico;2 Dormitórios;;1T2019;false;12;0;0
4T2025;building-with-history-internal / typologies_history;Gravataí;RS/Gravataí#27327;27327;Sem Nome;Vertical;Econômico;2 Dormitórios;;2T2019;false;6;0;0
4T2025;building-with-history-internal / typologies_history;Gravataí;RS/Gravataí#21651;21651;Upper Residence;Vertical;Standard;2 Dormitórios;;2T2019;false;30;0;0
4T2025;building-with-history-internal / typologies_history;Gravataí;RS/Gravataí#21651;21651;Upper Residence;Vertical;Standard;3 Dormitórios;;2T2019;false;34;0;0
4T2025;building-with-history-internal / typologies_history;Gravataí;RS/Gravataí#16563;16563;Garden Ville;Horizontal;Não classificado;Não classificado;;3T2019;false;300;5;-3
4T2025;building-with-history-internal / typologies_history;Gravataí;RS/Gravataí#46410;46410;Edifício Monte Carlo;Vertical;Médio;3 Dormitórios;;4T2019;false;17;0;0
4T2025;building-with-history-internal / typologies_history;Gravataí;RS/Gravataí#27328;27328;New Place;Vertical;Standard;2 Dormitórios;;4T2019;false;130;28;4
4T2025;building-with-history-internal / typologies_history;Gravataí;RS/Gravataí#21655;21655;Residencial Porto Amalfi;Vertical;Econômico;2 Dormitórios;;4T2019;false;840;0;0
4T2025;building-with-history-internal / typologies_history;Gravataí;RS/Gravataí#40647;40647;Moradas 251;Vertical;Econômico;2 Dormitórios;;2T2020;false;9;0;0
4T2025;building-with-history-internal / typologies_history;Gravataí;RS/Gravataí#21691;21691;Residenziale Domani;Vertical;Médio;2 Dormitórios;;2T2020;false;22;0;0
4T2025;building-with-history-internal / typologies_history;Gravataí;RS/Gravataí#21691;21691;Residenziale Domani;Vertical;Médio;3 Dormitórios;;2T2020;false;22;0;0
4T2025;building-with-history-internal / typologies_history;Gravataí;RS/Gravataí#27303;27303;Residencial Solar Da Figueira;Vertical;Standard;2 Dormitórios;;3T2020;false;144;3;0
4T2025;building-with-history-internal / typologies_history;Gravataí;RS/Gravataí#46411;46411;Alpha 125;Vertical;Standard;1 Dormitório;;4T2020;false;6;1;1
4T2025;building-with-history-internal / typologies_history;Gravataí;RS/Gravataí#46411;46411;Alpha 125;Vertical;Standard;2 Dormitórios;;4T2020;false;18;1;-1
4T2025;building-with-history-internal / typologies_history;Gravataí;RS/Gravataí#53070;53070;Residencial Solar Da Nascente;Vertical;Econômico;2 Dormitórios;;4T2020;false;8;0;0
4T2025;building-with-history-internal / typologies_history;Gravataí;RS/Gravataí#43199;43199;Terranova;Horizontal;Não classificado;Não classificado;;4T2020;false;356;16;0
4T2025;building-with-history-internal / typologies_history;Guaíba;RS/Guaíba#31590;31590;Borges De Medeiros;Vertical;Econômico;2 Dormitórios;;3T2013;false;48;0;0
4T2025;building-with-history-internal / typologies_history;Guaíba;RS/Guaíba#31591;31591;Fontana Di Trevi;Vertical;Standard;3 Dormitórios;;4T2014;false;24;0;0
4T2025;building-with-history-internal / typologies_history;Guaíba;RS/Guaíba#31651;31651;Residencial Saint George;Vertical;Standard;3 Dormitórios;;3T2016;false;14;0;0
4T2025;building-with-history-internal / typologies_history;Guaíba;RS/Guaíba#31651;31651;Residencial Saint George;Vertical;Standard;2 Dormitórios;;3T2016;false;14;0;0
4T2025;building-with-history-internal / typologies_history;Guaíba;RS/Guaíba#40635;40635;Residencial Linck;Vertical;Médio;3 Dormitórios;;1T2017;false;5;0;0
4T2025;building-with-history-internal / typologies_history;Guaíba;RS/Guaíba#31587;31587;Córdia Altos Da Figueira;Vertical;Standard;2 Dormitórios;;4T2017;false;34;3;3
4T2025;building-with-history-internal / typologies_history;Guaíba;RS/Guaíba#31587;31587;Córdia Altos Da Figueira;Vertical;Standard;3 Dormitórios;;4T2017;false;2;0;1
4T2025;building-with-history-internal / typologies_history;Guaíba;RS/Guaíba#31596;31596;Edifício Gabriela;Vertical;Standard;2 Dormitórios;;1T2018;false;6;0;0
4T2025;building-with-history-internal / typologies_history;Guaíba;RS/Guaíba#16600;16600;Recanto Dos Pássaros I;Horizontal;Não classificado;Não classificado;;2T2018;false;344;0;0
4T2025;building-with-history-internal / typologies_history;Guaíba;RS/Guaíba#16601;16601;Recanto Dos Pássaros Ii;Horizontal;Não classificado;Não classificado;;2T2018;false;183;0;0
4T2025;building-with-history-internal / typologies_history;Guaíba;RS/Guaíba#31588;31588;Portal Do Conde;Vertical;Econômico;2 Dormitórios;;1T2019;false;288;0;0
4T2025;building-with-history-internal / typologies_history;Guaíba;RS/Guaíba#16612;16612;Reserva Das Figueiras - Fases 1 A 4;Horizontal;Não classificado;Não classificado;;1T2019;false;266;74;-7
4T2025;building-with-history-internal / typologies_history;Guaíba;RS/Guaíba#16610;16610;Guaíba Park - Fases 1 A 4;Horizontal;Não classificado;Não classificado;;4T2019;false;997;130;-4
4T2025;building-with-history-internal / typologies_history;Guaíba;RS/Guaíba#16617;16617;Altos Do Lago;Horizontal;Não classificado;Não classificado;;1T2020;false;352;17;0
4T2025;building-with-history-internal / typologies_history;Novo Hamburgo;RS/Novo Hamburgo#21599;21599;Start Residence;Vertical;Standard;1 Dormitório;;2T2013;false;34;0;0
4T2025;building-with-history-internal / typologies_history;Novo Hamburgo;RS/Novo Hamburgo#21599;21599;Start Residence;Vertical;Standard;2 Dormitórios;;2T2013;false;44;0;0
4T2025;building-with-history-internal / typologies_history;Novo Hamburgo;RS/Novo Hamburgo#16633;16633;Chacara Hamburguesa Fase 1;Horizontal;Não classificado;Não classificado;;3T2014;false;173;0;0
4T2025;building-with-history-internal / typologies_history;Novo Hamburgo;RS/Novo Hamburgo#16636;16636;Jardim Do Sol;Horizontal;Não classificado;Não classificado;;4T2014;false;120;0;0
4T2025;building-with-history-internal / typologies_history;Novo Hamburgo;RS/Novo Hamburgo#16634;16634;Chacara Hamburguesa Fase 2;Horizontal;Não classificado;Não classificado;;2T2015;false;188;0;0
4T2025;building-with-history-internal / typologies_history;Novo Hamburgo;RS/Novo Hamburgo#56798;56798;Gomes Portinho 555;Vertical;Médio-Alto;3 Dormitórios;;4T2015;false;16;0;0
4T2025;building-with-history-internal / typologies_history;Novo Hamburgo;RS/Novo Hamburgo#16635;16635;Chacara Hamburguesa Fase 3;Horizontal;Não classificado;Não classificado;;1T2016;false;54;0;0
4T2025;building-with-history-internal / typologies_history;Novo Hamburgo;RS/Novo Hamburgo#21602;21602;Residencial Prioritá;Vertical;Standard;2 Dormitórios;;2T2016;false;15;0;0
4T2025;building-with-history-internal / typologies_history;Novo Hamburgo;RS/Novo Hamburgo#21602;21602;Residencial Prioritá;Vertical;Standard;3 Dormitórios;;2T2016;false;12;0;0
4T2025;building-with-history-internal / typologies_history;Novo Hamburgo;RS/Novo Hamburgo#22771;22771;Jardim Da Figueira;Horizontal;Não classificado;Não classificado;;3T2016;false;44;0;0
4T2025;building-with-history-internal / typologies_history;Novo Hamburgo;RS/Novo Hamburgo#21552;21552;Edifício Imperador;Vertical;Standard;2 Dormitórios;;2T2017;false;28;0;0
4T2025;building-with-history-internal / typologies_history;Novo Hamburgo;RS/Novo Hamburgo#21596;21596;Residencial Da Figueira;Vertical;Standard;2 Dormitórios;;4T2017;false;24;0;0
4T2025;building-with-history-internal / typologies_history;Novo Hamburgo;RS/Novo Hamburgo#21544;21544;Residencial Cartago;Vertical;Standard;2 Dormitórios;;1T2018;false;96;0;0
4T2025;building-with-history-internal / typologies_history;Novo Hamburgo;RS/Novo Hamburgo#21590;21590;Residencial Jardim Alegre;Vertical;Econômico;2 Dormitórios;;1T2018;false;20;0;0
4T2025;building-with-history-internal / typologies_history;Novo Hamburgo;RS/Novo Hamburgo#21590;21590;Residencial Jardim Alegre;Vertical;Econômico;3 Dormitórios;;1T2018;false;20;0;0
4T2025;building-with-history-internal / typologies_history;Novo Hamburgo;RS/Novo Hamburgo#21575;21575;Edifício Residencial Ideal;Vertical;Econômico;2 Dormitórios;;2T2018;false;45;0;0
4T2025;building-with-history-internal / typologies_history;Novo Hamburgo;RS/Novo Hamburgo#21536;21536;Murano;Vertical;Alto;3 Dormitórios;;2T2018;false;25;0;0
4T2025;building-with-history-internal / typologies_history;Novo Hamburgo;RS/Novo Hamburgo#21606;21606;Orion Residence;Vertical;Compacto;1 Dormitório;;2T2018;false;33;0;0
4T2025;building-with-history-internal / typologies_history;Novo Hamburgo;RS/Novo Hamburgo#21594;21594;Reserva Vila Nova;Vertical;Standard;2 Dormitórios;;3T2018;false;32;0;0
4T2025;building-with-history-internal / typologies_history;Novo Hamburgo;RS/Novo Hamburgo#28148;28148;Residencial Alcântara;Vertical;Standard;2 Dormitórios;;4T2018;false;52;0;0
4T2025;building-with-history-internal / typologies_history;Novo Hamburgo;RS/Novo Hamburgo#21584;21584;Residencial Alta Cittá;Vertical;Médio-Alto;3 Dormitórios;;4T2018;false;35;0;0
4T2025;building-with-history-internal / typologies_history;Novo Hamburgo;RS/Novo Hamburgo#21512;21512;Residencial Punta Del Este;Vertical;Econômico;1 Dormitório;;4T2018;false;18;0;0
4T2025;building-with-history-internal / typologies_history;Novo Hamburgo;RS/Novo Hamburgo#21512;21512;Residencial Punta Del Este;Vertical;Econômico;2 Dormitórios;;4T2018;false;144;0;0
4T2025;building-with-history-internal / typologies_history;Novo Hamburgo;RS/Novo Hamburgo#21569;21569;Ventura Brasil +;Vertical;Econômico;2 Dormitórios;;4T2018;false;64;0;0
4T2025;building-with-history-internal / typologies_history;Novo Hamburgo;RS/Novo Hamburgo#62785;62785;New Life;Vertical;Compacto;1 Dormitório;;1T2019;false;84;12;0
4T2025;building-with-history-internal / typologies_history;Novo Hamburgo;RS/Novo Hamburgo#62785;62785;New Life;Vertical;Compacto;2 Dormitórios;;1T2019;false;24;0;0
4T2025;building-with-history-internal / typologies_history;Novo Hamburgo;RS/Novo Hamburgo#28136;28136;Vithra Residencial;Vertical;Alto;3 Dormitórios;;1T2019;false;23;3;2
4T2025;building-with-history-internal / typologies_history;Novo Hamburgo;RS/Novo Hamburgo#21524;21524;Alto Paraíso;Vertical;Econômico;2 Dormitórios;;2T2019;false;400;0;0
4T2025;building-with-history-internal / typologies_history;Novo Hamburgo;RS/Novo Hamburgo#21580;21580;Grand Place;Vertical;Econômico;2 Dormitórios;;2T2019;false;96;0;0
4T2025;building-with-history-internal / typologies_history;Novo Hamburgo;RS/Novo Hamburgo#21608;21608;Monreale Residence;Vertical;Standard;1 Dormitório;;2T2019;false;16;0;0
4T2025;building-with-history-internal / typologies_history;Novo Hamburgo;RS/Novo Hamburgo#21608;21608;Monreale Residence;Vertical;Standard;2 Dormitórios;;2T2019;false;40;1;0
4T2025;building-with-history-internal / typologies_history;Novo Hamburgo;RS/Novo Hamburgo#21521;21521;Moradas Da Rondônia - Fase Ii;Vertical;Econômico;2 Dormitórios;;2T2019;false;160;0;0
4T2025;building-with-history-internal / typologies_history;Novo Hamburgo;RS/Novo Hamburgo#21592;21592;Residencial Porto Baden;Vertical;Econômico;2 Dormitórios;;2T2019;false;300;0;0
4T2025;building-with-history-internal / typologies_history;Novo Hamburgo;RS/Novo Hamburgo#21591;21591;Residencial Rio Branco;Vertical;Compacto;1 Dormitório;;2T2019;false;35;0;0
4T2025;building-with-history-internal / typologies_history;Novo Hamburgo;RS/Novo Hamburgo#21591;21591;Residencial Rio Branco;Vertical;Compacto;2 Dormitórios;;2T2019;false;35;0;0
4T2025;building-with-history-internal / typologies_history;Novo Hamburgo;RS/Novo Hamburgo#28126;28126;Stay Residence;Vertical;Standard;2 Dormitórios;;2T2019;false;14;0;0
4T2025;building-with-history-internal / typologies_history;Novo Hamburgo;RS/Novo Hamburgo#28126;28126;Stay Residence;Vertical;Standard;3 Dormitórios;;2T2019;false;15;0;0
4T2025;building-with-history-internal / typologies_history;Novo Hamburgo;RS/Novo Hamburgo#21593;21593;Parque Porto Marabella;Vertical;Econômico;2 Dormitórios;;3T2019;false;400;0;0
4T2025;building-with-history-internal / typologies_history;Novo Hamburgo;RS/Novo Hamburgo#21567;21567;Fortuna Brasil +;Vertical;Econômico;2 Dormitórios;;4T2019;false;64;0;0
4T2025;building-with-history-internal / typologies_history;Novo Hamburgo;RS/Novo Hamburgo#59268;59268;Ventury;Vertical;Standard;2 Dormitórios;;4T2019;false;26;1;0
4T2025;building-with-history-internal / typologies_history;Novo Hamburgo;RS/Novo Hamburgo#59268;59268;Ventury;Vertical;Standard;3 Dormitórios;;4T2019;false;30;1;0
4T2025;building-with-history-internal / typologies_history;Novo Hamburgo;RS/Novo Hamburgo#21571;21571;Alegro Brasil +;Vertical;Econômico;2 Dormitórios;;1T2020;false;64;0;0
4T2025;building-with-history-internal / typologies_history;Novo Hamburgo;RS/Novo Hamburgo#21573;21573;Edifício Bento Gonçalves Ii;Vertical;Standard;2 Dormitórios;;1T2020;false;45;1;0
4T2025;building-with-history-internal / typologies_history;Novo Hamburgo;RS/Novo Hamburgo#21600;21600;Hamburgo Living;Vertical;Standard;2 Dormitórios;;1T2020;false;96;0;0
4T2025;building-with-history-internal / typologies_history;Novo Hamburgo;RS/Novo Hamburgo#21517;21517;Residencial Monte Olimpo;Vertical;Econômico;1 Dormitório;;1T2020;false;17;0;0
4T2025;building-with-history-internal / typologies_history;Novo Hamburgo;RS/Novo Hamburgo#21517;21517;Residencial Monte Olimpo;Vertical;Econômico;2 Dormitórios;;1T2020;false;136;0;0
4T2025;building-with-history-internal / typologies_history;Novo Hamburgo;RS/Novo Hamburgo#46030;46030;Residencial Prado;Vertical;Standard;2 Dormitórios;;1T2020;false;80;0;0
4T2025;building-with-history-internal / typologies_history;Novo Hamburgo;RS/Novo Hamburgo#49936;49936;Residencial Valença;Vertical;Médio;4 ou + Dormitórios;;1T2020;false;2;1;0
4T2025;building-with-history-internal / typologies_history;Novo Hamburgo;RS/Novo Hamburgo#49936;49936;Residencial Valença;Vertical;Médio;3 Dormitórios;;1T2020;false;8;0;0
4T2025;building-with-history-internal / typologies_history;Novo Hamburgo;RS/Novo Hamburgo#21597;21597;Residencial Villa Lobos;Vertical;Standard;2 Dormitórios;;1T2020;false;70;14;0
4T2025;building-with-history-internal / typologies_history;Novo Hamburgo;RS/Novo Hamburgo#28187;28187;Sem Nome;Vertical;Econômico;2 Dormitórios;;1T2020;false;44;0;0
4T2025;building-with-history-internal / typologies_history;Novo Hamburgo;RS/Novo Hamburgo#21570;21570;Vereda Brasil +;Vertical;Econômico;2 Dormitórios;;1T2020;false;32;0;0
4T2025;building-with-history-internal / typologies_history;Novo Hamburgo;RS/Novo Hamburgo#28169;28169;Blumen Residence;Vertical;Econômico;2 Dormitórios;;2T2020;false;400;0;0
4T2025;building-with-history-internal / typologies_history;Novo Hamburgo;RS/Novo Hamburgo#21598;21598;Bosques De Hamburgo;Vertical;Standard;3 Dormitórios;;2T2020;false;32;0;0
4T2025;building-with-history-internal / typologies_history;Novo Hamburgo;RS/Novo Hamburgo#21543;21543;Residencial Delfos;Vertical;Econômico;2 Dormitórios;;2T2020;false;60;0;0
4T2025;building-with-history-internal / typologies_history;Novo Hamburgo;RS/Novo Hamburgo#65475;65475;Bento 2;Vertical;Standard;2 Dormitórios;;4T2020;false;45;1;0
4T2025;building-with-history-internal / typologies_history;Novo Hamburgo;RS/Novo Hamburgo#62810;62810;Prado Fase 1;Vertical;Standard;3 Dormitórios;;4T2020;false;50;2;0
4T2025;building-with-history-internal / typologies_history;Novo Hamburgo;RS/Novo Hamburgo#43228;43228;Residencial Vila Rosa Boulevard;Vertical;Médio;3 Dormitórios;;4T2020;false;68;1;0
4T2025;building-with-history-internal / typologies_history;São Leopoldo;RS/São Leopoldo#16852;16852;Loteamento Paim Ii;Horizontal;Não classificado;Não classificado;;4T2009;false;160;0;0
4T2025;building-with-history-internal / typologies_history;São Leopoldo;RS/São Leopoldo#16848;16848;Loteamento Haras Do Xirú;Horizontal;Não classificado;Não classificado;;1T2010;false;550;0;0
4T2025;building-with-history-internal / typologies_history;São Leopoldo;RS/São Leopoldo#16849;16849;Nova Jardim Luciana;Horizontal;Não classificado;Não classificado;;1T2011;false;434;0;0
4T2025;building-with-history-internal / typologies_history;São Leopoldo;RS/São Leopoldo#21358;21358;Residencial Isabela;Vertical;Standard;2 Dormitórios;;1T2011;false;40;0;0
4T2025;building-with-history-internal / typologies_history;São Leopoldo;RS/São Leopoldo#16846;16846;Vivendas Da Baviera;Horizontal;Não classificado;Não classificado;;1T2011;false;105;0;0
4T2025;building-with-history-internal / typologies_history;São Leopoldo;RS/São Leopoldo#53180;53180;Novo Jardim Luciana;Horizontal;Não classificado;Não classificado;;1T2012;false;430;4;0
4T2025;building-with-history-internal / typologies_history;São Leopoldo;RS/São Leopoldo#16847;16847;Villagio São José;Horizontal;Não classificado;Não classificado;;2T2012;false;86;0;0
4T2025;building-with-history-internal / typologies_history;São Leopoldo;RS/São Leopoldo#21357;21357;Residencial Itapema;Vertical;Standard;2 Dormitórios;;1T2013;false;10;0;0
4T2025;building-with-history-internal / typologies_history;São Leopoldo;RS/São Leopoldo#21357;21357;Residencial Itapema;Vertical;Standard;3 Dormitórios;;1T2013;false;10;0;0
4T2025;building-with-history-internal / typologies_history;São Leopoldo;RS/São Leopoldo#21347;21347;Perficere Live Residence;Vertical;Standard;3 Dormitórios;;3T2013;false;88;0;0
4T2025;building-with-history-internal / typologies_history;São Leopoldo;RS/São Leopoldo#21352;21352;Residencial Urbano;Vertical;Standard;3 Dormitórios;;3T2013;false;36;0;0
4T2025;building-with-history-internal / typologies_history;São Leopoldo;RS/São Leopoldo#21353;21353;Fascino Residence;Vertical;Standard;2 Dormitórios;;4T2013;false;30;0;0
4T2025;building-with-history-internal / typologies_history;São Leopoldo;RS/São Leopoldo#21353;21353;Fascino Residence;Vertical;Standard;3 Dormitórios;;4T2013;false;32;0;0
4T2025;building-with-history-internal / typologies_history;São Leopoldo;RS/São Leopoldo#21350;21350;Residencial Toledo;Vertical;Compacto;1 Dormitório;;4T2013;false;56;0;0
4T2025;building-with-history-internal / typologies_history;São Leopoldo;RS/São Leopoldo#21356;21356;Edifício San Telmo;Vertical;Standard;2 Dormitórios;;2T2014;false;16;0;0
4T2025;building-with-history-internal / typologies_history;São Leopoldo;RS/São Leopoldo#21356;21356;Edifício San Telmo;Vertical;Standard;3 Dormitórios;;2T2014;false;9;0;0
4T2025;building-with-history-internal / typologies_history;São Leopoldo;RS/São Leopoldo#21355;21355;Residencial Provence;Vertical;Médio;3 Dormitórios;;2T2014;false;42;0;0
4T2025;building-with-history-internal / typologies_history;São Leopoldo;RS/São Leopoldo#16850;16850;Loteamento Vila Verde;Horizontal;Não classificado;Não classificado;;3T2014;false;568;0;0
4T2025;building-with-history-internal / typologies_history;São Leopoldo;RS/São Leopoldo#21351;21351;Residencial Ravello;Vertical;Standard;2 Dormitórios;;4T2014;false;13;0;0
4T2025;building-with-history-internal / typologies_history;São Leopoldo;RS/São Leopoldo#21351;21351;Residencial Ravello;Vertical;Standard;3 Dormitórios;;4T2014;false;13;0;0
4T2025;building-with-history-internal / typologies_history;São Leopoldo;RS/São Leopoldo#21354;21354;Residencial Kennedy;Vertical;Standard;2 Dormitórios;;1T2015;false;9;0;0
4T2025;building-with-history-internal / typologies_history;São Leopoldo;RS/São Leopoldo#21349;21349;Residencial Camaza Village;Vertical;Econômico;2 Dormitórios;;2T2015;false;79;0;0
4T2025;building-with-history-internal / typologies_history;São Leopoldo;RS/São Leopoldo#21365;21365;The One;Vertical;Standard;2 Dormitórios;;2T2015;false;35;0;0
4T2025;building-with-history-internal / typologies_history;São Leopoldo;RS/São Leopoldo#21365;21365;The One;Vertical;Standard;3 Dormitórios;;2T2015;false;15;0;0
4T2025;building-with-history-internal / typologies_history;São Leopoldo;RS/São Leopoldo#21360;21360;Quartier Germain;Vertical;Standard;2 Dormitórios;;3T2015;false;10;0;0
4T2025;building-with-history-internal / typologies_history;São Leopoldo;RS/São Leopoldo#21360;21360;Quartier Germain;Vertical;Standard;3 Dormitórios;;3T2015;false;20;0;0
4T2025;building-with-history-internal / typologies_history;São Leopoldo;RS/São Leopoldo#21378;21378;Dom Lorenzo;Vertical;Standard;2 Dormitórios;;3T2016;false;18;0;0
4T2025;building-with-history-internal / typologies_history;São Leopoldo;RS/São Leopoldo#21378;21378;Dom Lorenzo;Vertical;Standard;3 Dormitórios;;3T2016;false;12;0;0
4T2025;building-with-history-internal / typologies_history;São Leopoldo;RS/São Leopoldo#21346;21346;Lyon Residence;Vertical;Standard;2 Dormitórios;;3T2016;false;24;0;0
4T2025;building-with-history-internal / typologies_history;São Leopoldo;RS/São Leopoldo#21346;21346;Lyon Residence;Vertical;Standard;3 Dormitórios;;3T2016;false;16;0;0
4T2025;building-with-history-internal / typologies_history;São Leopoldo;RS/São Leopoldo#21368;21368;Ed Santo André;Vertical;Econômico;2 Dormitórios;;4T2016;false;8;0;0
4T2025;building-with-history-internal / typologies_history;São Leopoldo;RS/São Leopoldo#21366;21366;Square Residence;Vertical;Standard;1 Dormitório;;4T2016;false;4;0;0
4T2025;building-with-history-internal / typologies_history;São Leopoldo;RS/São Leopoldo#21366;21366;Square Residence;Vertical;Standard;3 Dormitórios;;4T2016;false;14;0;0
4T2025;building-with-history-internal / typologies_history;São Leopoldo;RS/São Leopoldo#21371;21371;Residencial Sunset;Vertical;Standard;2 Dormitórios;;1T2017;false;16;0;0
4T2025;building-with-history-internal / typologies_history;São Leopoldo;RS/São Leopoldo#21372;21372;Le Petit;Vertical;Standard;2 Dormitórios;;2T2017;false;14;0;0
4T2025;building-with-history-internal / typologies_history;São Leopoldo;RS/São Leopoldo#21367;21367;Parque Porto Berlim;Vertical;Econômico;2 Dormitórios;;2T2017;false;500;0;0
4T2025;building-with-history-internal / typologies_history;São Leopoldo;RS/São Leopoldo#21376;21376;Residencial Alba Ii;Vertical;Standard;1 Dormitório;;2T2017;false;6;0;0
4T2025;building-with-history-internal / typologies_history;São Leopoldo;RS/São Leopoldo#21376;21376;Residencial Alba Ii;Vertical;Standard;2 Dormitórios;;2T2017;false;30;0;0
4T2025;building-with-history-internal / typologies_history;São Leopoldo;RS/São Leopoldo#21369;21369;Edifício Look;Vertical;Médio;3 Dormitórios;;3T2017;false;56;0;0
4T2025;building-with-history-internal / typologies_history;São Leopoldo;RS/São Leopoldo#16851;16851;Loteamento Novo Itapema;Horizontal;Não classificado;Não classificado;;4T2017;false;110;7;-2
4T2025;building-with-history-internal / typologies_history;São Leopoldo;RS/São Leopoldo#21379;21379;Residencial Tênis Clube;Vertical;Médio;3 Dormitórios;;4T2017;false;56;1;0
4T2025;building-with-history-internal / typologies_history;São Leopoldo;RS/São Leopoldo#21348;21348;Residencial Verona;Vertical;Econômico;2 Dormitórios;;4T2017;false;160;0;0
4T2025;building-with-history-internal / typologies_history;São Leopoldo;RS/São Leopoldo#21373;21373;Wide;Vertical;Standard;2 Dormitórios;;4T2017;false;8;0;0
4T2025;building-with-history-internal / typologies_history;São Leopoldo;RS/São Leopoldo#21345;21345;Alameda 50;Vertical;Médio;2 Dormitórios;;2T2018;false;18;0;0
4T2025;building-with-history-internal / typologies_history;São Leopoldo;RS/São Leopoldo#21345;21345;Alameda 50;Vertical;Médio;3 Dormitórios;;2T2018;false;18;0;0
4T2025;building-with-history-internal / typologies_history;São Leopoldo;RS/São Leopoldo#21443;21443;Porto Garibaldi;Vertical;Econômico;2 Dormitórios;;4T2018;false;225;0;0
4T2025;building-with-history-internal / typologies_history;São Leopoldo;RS/São Leopoldo#21390;21390;One Concept Residence;Vertical;Standard;2 Dormitórios;;1T2019;false;42;0;0
4T2025;building-with-history-internal / typologies_history;São Leopoldo;RS/São Leopoldo#19831;19831;Residencial Barreira;Horizontal;Não classificado;Não classificado;;1T2019;false;87;0;0
4T2025;building-with-history-internal / typologies_history;São Leopoldo;RS/São Leopoldo#19830;19830;Residencial Pelotas;Horizontal;Não classificado;Não classificado;;2T2019;false;67;0;0
4T2025;building-with-history-internal / typologies_history;São Leopoldo;RS/São Leopoldo#21447;21447;Residencial Spalding;Vertical;Standard;2 Dormitórios;;2T2019;false;24;0;0
4T2025;building-with-history-internal / typologies_history;São Leopoldo;RS/São Leopoldo#21447;21447;Residencial Spalding;Vertical;Standard;3 Dormitórios;;2T2019;false;24;0;0
4T2025;building-with-history-internal / typologies_history;São Leopoldo;RS/São Leopoldo#21344;21344;Absoluto Residencial;Vertical;Médio-Alto;3 Dormitórios;;3T2019;false;30;1;0
4T2025;building-with-history-internal / typologies_history;São Leopoldo;RS/São Leopoldo#41837;41837;Due;Vertical;Compacto;1 Dormitório;;3T2019;false;16;0;0
4T2025;building-with-history-internal / typologies_history;São Leopoldo;RS/São Leopoldo#41837;41837;Due;Vertical;Compacto;2 Dormitórios;;3T2019;false;8;0;0
4T2025;building-with-history-internal / typologies_history;São Leopoldo;RS/São Leopoldo#27148;27148;Residencial Alta Vista;Vertical;Standard;2 Dormitórios;;3T2019;false;24;0;0
4T2025;building-with-history-internal / typologies_history;São Leopoldo;RS/São Leopoldo#56833;56833;Up Belle;Vertical;Standard;3 Dormitórios;;4T2019;false;8;0;0
4T2025;building-with-history-internal / typologies_history;São Leopoldo;RS/São Leopoldo#21441;21441;Residencial Porto Frankfurt;Vertical;Econômico;2 Dormitórios;;1T2020;false;300;0;0
4T2025;building-with-history-internal / typologies_history;São Leopoldo;RS/São Leopoldo#21437;21437;Residencial Morada Da Campina;Vertical;Econômico;2 Dormitórios;;2T2020;false;70;0;0
4T2025;building-with-history-internal / typologies_history;São Leopoldo;RS/São Leopoldo#21459;21459;Mont Blanc;Vertical;Standard;2 Dormitórios;;3T2020;false;14;0;0
4T2025;building-with-history-internal / typologies_history;São Leopoldo;RS/São Leopoldo#27170;27170;Residencial Gardens;Vertical;Econômico;2 Dormitórios;;3T2020;false;275;0;0
4T2025;building-with-history-internal / typologies_history;São Leopoldo;RS/São Leopoldo#53177;53177;Residencial Paraná;Vertical;Econômico;2 Dormitórios;;3T2020;false;10;0;0
4T2025;building-with-history-internal / typologies_history;São Leopoldo;RS/São Leopoldo#27149;27149;Residencial Vila Romana;Vertical;Econômico;2 Dormitórios;;4T2020;false;66;0;0
4T2025;building-with-history-internal / typologies_history;Viamão;RS/Viamão#5068;5068;Buenavista Condomínio Parque;Horizontal;Não classificado;Não classificado;;4T2010;false;766;0;0
4T2025;building-with-history-internal / typologies_history;Viamão;RS/Viamão#21315;21315;Residencial Paraná;Vertical;Compacto;1 Dormitório;;3T2014;false;24;0;0
4T2025;building-with-history-internal / typologies_history;Viamão;RS/Viamão#21315;21315;Residencial Paraná;Vertical;Compacto;2 Dormitórios;;3T2014;false;24;0;0
4T2025;building-with-history-internal / typologies_history;Viamão;RS/Viamão#21335;21335;Edificio Jari;Vertical;Econômico;2 Dormitórios;;4T2014;false;16;0;0
4T2025;building-with-history-internal / typologies_history;Viamão;RS/Viamão#21327;21327;Jardim Santa Paula;Vertical;Econômico;2 Dormitórios;;1T2015;false;22;0;0
4T2025;building-with-history-internal / typologies_history;Viamão;RS/Viamão#21326;21326;Paradiso Lago Tarumã;Vertical;Standard;3 Dormitórios;;1T2015;false;36;0;0
4T2025;building-with-history-internal / typologies_history;Viamão;RS/Viamão#21334;21334;Portal Da Colina;Vertical;Standard;2 Dormitórios;;2T2015;false;16;0;0
4T2025;building-with-history-internal / typologies_history;Viamão;RS/Viamão#5606;5606;Vivare;Horizontal;Não classificado;Não classificado;;3T2016;false;280;45;6
4T2025;building-with-history-internal / typologies_history;Viamão;RS/Viamão#21339;21339;Clube Residencial Santa Isabel;Vertical;Econômico;2 Dormitórios;;4T2016;false;150;0;0
4T2025;building-with-history-internal / typologies_history;Viamão;RS/Viamão#21341;21341;Santa Isabel;Vertical;Econômico;2 Dormitórios;;1T2017;false;22;0;0
4T2025;building-with-history-internal / typologies_history;Viamão;RS/Viamão#21336;21336;Costa Da Luz Residencial;Vertical;Econômico;2 Dormitórios;;2T2017;false;40;0;0
4T2025;building-with-history-internal / typologies_history;Viamão;RS/Viamão#21338;21338;Residencial Sevilha;Vertical;Compacto;1 Dormitório;;3T2017;false;12;0;0
4T2025;building-with-history-internal / typologies_history;Viamão;RS/Viamão#21338;21338;Residencial Sevilha;Vertical;Compacto;2 Dormitórios;;3T2017;false;12;0;0
4T2025;building-with-history-internal / typologies_history;Viamão;RS/Viamão#21337;21337;Residencial Single;Vertical;Standard;2 Dormitórios;;3T2017;false;16;0;0
4T2025;building-with-history-internal / typologies_history;Viamão;RS/Viamão#21324;21324;Parque Cardeal Residencial Club;Vertical;Econômico;2 Dormitórios;;4T2017;false;240;0;0
4T2025;building-with-history-internal / typologies_history;Viamão;RS/Viamão#16868;16868;Happy Alvorada;Horizontal;Não classificado;Não classificado;;1T2018;false;100;0;0
4T2025;building-with-history-internal / typologies_history;Viamão;RS/Viamão#16871;16871;Green Caminho Do Meio;Horizontal;Não classificado;Não classificado;;3T2018;false;229;0;0
4T2025;building-with-history-internal / typologies_history;Viamão;RS/Viamão#5604;5604;Joy Volta Da Figueira;Horizontal;Não classificado;Não classificado;;4T2018;false;100;0;0
4T2025;building-with-history-internal / typologies_history;Viamão;RS/Viamão#21332;21332;Up Residencial;Vertical;Compacto;1 Dormitório;;4T2018;false;12;0;0
4T2025;building-with-history-internal / typologies_history;Viamão;RS/Viamão#21332;21332;Up Residencial;Vertical;Compacto;2 Dormitórios;;4T2018;false;12;0;0
4T2025;building-with-history-internal / typologies_history;Viamão;RS/Viamão#21321;21321;Belize;Vertical;Econômico;2 Dormitórios;;4T2019;false;24;0;0
4T2025;building-with-history-internal / typologies_history;Viamão;RS/Viamão#21322;21322;Dom Feliciano Premium;Vertical;Standard;2 Dormitórios;;1T2020;false;26;0;0
4T2025;building-with-history-internal / typologies_history;Viamão;RS/Viamão#21323;21323;Porto Itapuã;Vertical;Standard;2 Dormitórios;;1T2020;false;220;0;0
4T2025;building-with-history-internal / typologies_history;Viamão;RS/Viamão#46073;46073;Magis Duetto;Vertical;Standard;2 Dormitórios;;4T2020;false;10;0;0
4T2025;building-with-history-internal / typologies_history;Viamão;RS/Viamão#46073;46073;Magis Duetto;Vertical;Standard;3 Dormitórios;;4T2020;false;2;0;0
4T2025;building-with-history-internal / typologies_history;Viamão;RS/Viamão#53521;53521;Newfit Residencial;Vertical;Compacto;1 Dormitório;;4T2020;false;7;2;0
